Staircases & Railings,https://www.houzz.com/professionals/staircases/c/Orange-County--CA
Home Automation & Home Media,https://www.houzz.com/professionals/home-media/c/Orange-County--CA
Glass & Shower Door Dealers,https://www.houzz.com/professionals/glass-and-shower-door-dealers/c/Orange-County--CA
Siding & Exteriors,https://www.houzz.com/professionals/siding-and-exterior/c/Orange-County--CA
Garage Doors Sales,https://www.houzz.com/professionals/garage-doors/c/Orange-County--CA
Painters,https://www.houzz.com/professionals/painters/c/Orange-County--CA
Roofing & Gutters,https://www.houzz.com/professionals/roofing-and-gutter/c/Orange-County--CA
Air Conditioning & Heating,https://www.houzz.com/professionals/hvac-contractors/c/Orange-County--CA
Plumbers,https://www.houzz.com/professionals/plumbing-contractors/c/Orange-County--CA
Electricians,https://www.houzz.com/professionals/electrical-contractors/c/Orange-County--CA
Home Stagers,https://www.houzz.com/professionals/home-staging/c/Orange-County--CA
Carpenters,https://www.houzz.com/professionals/carpenter/c/Orange-County--CA
Handyman,https://www.houzz.com/professionals/handyman/c/Orange-County--CA
Garage Door Repair ,https://www.houzz.com/professionals/garage-door-repair/c/Orange-County--CA
Gardeners,https://www.houzz.com/professionals/lawn-and-sprinklers/c/Orange-County--CA
Pest Control,https://www.houzz.com/professionals/pest-control/c/Orange-County--CA
Tree Services,https://www.houzz.com/professionals/tree-service/c/Orange-County--CA
Movers,https://www.houzz.com/professionals/movers/c/Orange-County--CA
Spa & Pool Maintenance,https://www.houzz.com/professionals/spa-and-pool-maintenance/c/Orange-County--CA
Septic Tanks Systems,https://www.houzz.com/professionals/septic-tanks-and-systems/c/Orange-County--CA
Environmental Services & Restoration,https://www.houzz.com/professionals/environmental-services-and-restoration/c/Orange-County--CA
Furniture Repair,https://www.houzz.com/professionals/furniture-refinishing-and-upholstery/c/Orange-County--CA
Carpet Cleaners,https://www.houzz.com/professionals/carpet-cleaners/c/Orange-County--CA
House Cleaners,https://www.houzz.com/professionals/house-cleaners/c/Orange-County--CA
Exterior Cleaners,https://www.houzz.com/professionals/exterior-cleaners/c/Orange-County--CA
Window Cleaners,https://www.houzz.com/professionals/window-cleaners/c/Orange-County--CA
Junk Removal,https://www.houzz.com/professionals/rubbish-removal/c/Orange-County--CA
Stone Cleaners,https://www.houzz.com/professionals/stone-cleaners/c/Orange-County--CA
Chimney Cleaners,https://www.houzz.com/professionals/chimney-cleaners/c/Orange-County--CA
Bathroom Remodeling,https://www.houzz.com/professionals/orange-county-ca/service--bathroom-remodeling
Home Remodeling,https://www.houzz.com/professionals/orange-county-ca/service--home-remodeling
Kitchen Remodeling,https://www.houzz.com/professionals/orange-county-ca/service--kitchen-remodeling
General Contracting,https://www.houzz.com/professionals/orange-county-ca/service--general-contracting
New Home Construction,https://www.houzz.com/professionals/orange-county-ca/service--new-home-construction
Interior Design,https://www.houzz.com/professionals/orange-county-ca/service--interior-design
Home Additions,https://www.houzz.com/professionals/orange-county-ca/service--home-additions
Landscape Design,https://www.houzz.com/professionals/orange-county-ca/service--landscape-design
Deck Building,https://www.houzz.com/professionals/orange-county-ca/service--deck-building
Flooring Installation,https://www.houzz.com/professionals/orange-county-ca/service--flooring-installation
Interior Painting,https://www.houzz.com/professionals/orange-county-ca/service--interior-painting
Tile Installation,https://www.houzz.com/professionals/orange-county-ca/service--tile-installation
Basement Remodeling,https://www.houzz.com/professionals/orange-county-ca/service--basement-remodeling
Architectural Design,https://www.houzz.com/professionals/orange-county-ca/service--architectural-design
Custom Cabinets,https://www.houzz.com/professionals/orange-county-ca/service--custom-cabinets
Fence Installation,https://www.houzz.com/professionals/orange-county-ca/service--fence-installation
Lighting Installation,https://www.houzz.com/professionals/orange-county-ca/service--lighting-installation
Garage Building,https://www.houzz.com/professionals/orange-county-ca/service--garage-building
Home Staging,https://www.houzz.com/professionals/orange-county-ca/service--home-staging
Custom Furniture,https://www.houzz.com/professionals/orange-county-ca/service--custom-furniture
